{"duration": 2.76, "audio_filepath": "audio/05d0eab1-0803-41a9-8444-3291825c42a8_000642.wav", "text": "and that is in the appendix", "pred_text": "that and that is in the appendix", "wer": 0.16666666666666666, "tokens": 6, "ins_rate": 0.16666666666666666, "del_rate": 0.0, "sub_rate": 0.0}
